Turbine;Rotordurchmesser;Nabenhöhe;Einschaltgeschwindigkeit;Nennwindgeschwindigkeit;Abschaltgeschwindigkeit
ACSA A27/225;27.0;30.0;3.5;13.5;25.0
ACSA A29/225;29.0;31.5;4.0;13.0;25.0
ACSA A29/225;29.0;40.0;4.0;13.0;25.0
ACSA A29/225;29.0;50.0;4.0;13.0;25.0
Adani 5.2-160;160.0;120.0;3.0;12.0;20.0
Adani 5.2-160;160.0;site specific;3.0;12.0;20.0
AWT Inc. AWT-26 / WC-86;26.2;24.4;5.4;17.0;24.6
AWT Inc. AWT-26 / WC-86;26.2;36.6;5.4;17.0;24.6
AWT Inc. AWT-26 / WC-86;26.2;45.7;5.4;17.0;24.6
AWP A/S AWP 90/18;18.6;22.5;4.0;13.0;25.0
AWP A/S AWP 90/18;18.6;30.0;4.0;13.0;25.0
AWP A/S AWP 200/23;23.0;30.0;4.0;13.0;25.0
Aeolia Windtech D2CF 200;28.0;40.3;3.0;10.9;20.0
aerodyn SCD 8.0/168;168.0;100 (or site specific);3.5;11.5;25.0
AERODAN 75/15;17.0;23.0;5.0;12.0;23.0
Alstom ECO 122/2700;122.0;89.0;3.0;10.0;34.0
AN Bonus 150/30;23.0;30.0;3.5;12.5;25.0
AN Bonus 150/30;23.0;40.0;3.5;12.5;25.0
AN Bonus 450/37;37.0;35.0;4.5;13.5;25.0
AN Bonus 450/37;37.0;42.3;4.5;13.5;25.0
AN Bonus 1000/54;54.2;50.0;3.0;15.0;25.0
AN Bonus 1000/54;54.2;60.0;3.0;15.0;25.0
AN Bonus 1000/54;54.2;70.0;3.0;15.0;25.0
AN Bonus 1300/62;62.0;68.0;3.0;15.0;25.0
AN Bonus 1300/62;62.0;80.0;3.0;15.0;25.0
AN Bonus 1300/62;62.0;90.0;3.0;15.0;25.0
Hummer H8.16-10KW;8.2;site specific;3.0;11.0;25.0
Hummer H13.2-20KW;13.2;site specific;3.0;9.0;25.0
Hummer H13.2-30KW;13.2;site specific;3.0;10.0;25.0
Hummer H17.0-50KW;17.0;site specific;3.5;9.5;20.0
Hummer H21.0-60KW;21.0;site specific;2.5;9.0;25.0
Hummer H21.0-100KW;21.0;site specific;2.5;10.5;20.0
Hummer H25.0-60KW;25.0;site specific;2.5;7.5;20.0
Hummer H25.0-100KW;25.0;site specific;2.5;10.0;20.0
Hummer H25.0-200KW;25.0;site specific;2.5;11.5;20.0
Aria Libellula 20;17.4;20.0;3.0;10.0;25.0
Aria Libellula 55+;19.0;19.0;3.0;11.0;25.0
Aria Libellula 55+;19.0;25.0;3.0;11.0;25.0
Aria Libellula 55+;19.0;31.0;3.0;11.0;25.0
Aria Libellula 60i;19.0;19.0;3.0;11.0;25.0
Aria Libellula 60i;19.0;25.0;3.0;11.0;25.0
Aria Libellula 60i;19.0;31.0;3.0;11.0;25.0
ATB Riva Calzoni ATB 60.28 DD;28.0;37.0;3.0;7.5;19.0
ATB Riva Calzoni ATB 500.54;54.0;50.0;3.5;10.0;25.0
ATB Riva Calzoni ATB 500.54;54.0;72.0;3.5;10.0;25.0
Aventa AV-7;12.8;18.0;2.0;6.0;14.0
b.ventus 250 kW;42.5;28.0;2.5;9.0;32.0
Baltic WindWerke BW 3200;120.0;90.0;3.0;13.0;25.0
Baltic WindWerke BW 3200;120.0;100.0;3.0;13.0;25.0
Baltic WindWerke BW 3200;120.0;140.0;3.0;13.0;25.0
Baltic WindWerke BW 3500;120.0;90.0;3.0;13.0;25.0
Baltic WindWerke BW 3500;120.0;100.0;3.0;13.0;25.0
Baltic WindWerke BW 3500;120.0;140.0;3.0;13.0;25.0
Baltic WindWerke BW 4500;151.0;100.0;3.0;12.0;20.0
Baltic WindWerke BW 4500;151.0;130.0;3.0;12.0;20.0
Baltic WindWerke BW 4500;151.0;140.0;3.0;12.0;20.0
Bergey BWC Excel 10;7.0;30.0;3.4;15.6;60.0
Bergey Excel 15;9.6;18 - 49;4.0;11.0;60.0
Bonus B23/150 Gittermast;23.0;30.0;3.5;12.5;25.0
Bonus B23/150 Gittermast;23.0;40.0;3.5;12.5;25.0
Bonus B31/300;31.0;30.0;3.0;13.0;25.0
Bonus B35/450;35.0;-;4.5;17.0;28.0
Bonus B37/450;37.0;35.0;4.5;13.5;25.0
Bonus B37/450;37.0;42.0;4.5;13.5;25.0
Bonus B41/600;41.0;42.3;4.5;14.5;25.0
Bonus B41/600;41.0;50.0;4.5;14.5;25.0
Bonus B44/600;44.0;42.0;3.0;15.0;25.0
Bonus B44/600;44.0;50.0;3.0;15.0;25.0
Bonus B44/600;44.0;55.0;3.0;15.0;25.0
Bonus B44/600;44.0;58.0;3.0;15.0;25.0
Bonus B54/1000;54.2;50.0;3.0;15.0;25.0
Bonus B54/1000;54.2;60.0;3.0;15.0;25.0
Bonus B54/1000;54.2;70.0;3.0;15.0;25.0
Bonus B62/1300;62.0;68.0;3.0;15.0;25.0
Bonus B62/1300;62.0;80.0;3.0;15.0;25.0
Bonus B62/1300;62.0;90.0;3.0;15.0;25.0
Bonus B76/2000;76.0;60.0;3.0;15.0;25.0
Bonus B76/2000;76.0;80.0;3.0;15.0;25.0
Bonus B76/2000;76.0;98.0;3.0;15.0;25.0
Bonus B82/2300;82.4;80.0;3.5;15.0;25.0
Bonus B82/2300;82.4;90.0;3.5;15.0;25.0
Bonus B82/2300;82.4;100.0;3.5;15.0;25.0
Braun Windturbinen ANTARIS 5.5kW;4.0;site specific;2.0;12.0;15.0
Braun Windturbinen ANTARIS 12.0kW;5.8;7 - 30;2.5;12.0;15.0
Cannon 26/250;26.0;42.7;4.8;-;28.9
Carter CWT 300;30.0;45.0;1.8;13.4;26.8
Carter CWT 300;30.0;75.0;1.8;13.4;26.8
CENEMESA FL-19;19.0;25.3;5.0;21.0;25.0
CENEMESA FL-19;19.0;30.8;5.0;21.0;25.0
CRRC CWT1500-D77;77.0;70.0;3.0;11.3;25.0
CRRC CWT1500-D77;77.0;80.0;3.0;11.3;25.0
CRRC CWT1500-D83;83.0;70.0;3.0;10.9;25.0
CRRC CWT1500-D83;83.0;80.0;3.0;10.9;25.0
CRRC CWT1500-D87;87.0;70.0;3.0;10.1;25.0
CRRC CWT1500-D87;87.0;80.0;3.0;10.1;25.0
CRRC CWT1500-D93;93.0;80.0;3.0;9.3;22.0
CRRC CWT1500-D93;93.0;90.0;3.0;9.3;22.0
CRRC CWT2000-D122;122.0;90.0;3.0;8.7;20.0
DWP D75/15;15.3;24.0;4.0;18.0;30.0
DWP D110/19;19.2;24.0;4.0;18.0;30.0
DWT Danish Wind Tech Windane 10;9.6;18.6;4.5;14.0;-
DWT Danish Wind Tech Windane 29;29.3;29.0;5.5;13.5;25.0
DWT Danish Wind Tech Windane 31;30.8;32.0;6.0;13.5;25.0
DWT Danish Wind Tech Windane 34;34.0;32.0;5.5;14.0;25.0
DWT Danish Wind Tech Windane 34 US;34.8;32.0;5.0;13.0;25.0
DWT Danish Wind Tech Windane 40;40.0;45.0;5.0;14.5;25.0
DANREGN Bonus 22;10.0;18.0;3.0;13.0;28.0
DANREGN Bonus 22;10.0;24.0;3.0;13.0;28.0
DANREGN Bonus 30;11.0;18.0;4.0;18.0;25.0
DANREGN Bonus 30;11.0;24.0;4.0;18.0;25.0
DANREGN Bonus 55;16.2;24.0;3.0;13.0;28.0
DANREGN Bonus 95;19.4;24.5;3.0;13.0;28.0
DANREGN Bonus 100;19.4;24.5;3.0;12.0;28.0
Danwin Danwin 23;23.2;30.0;5.0;13.0;25.0
DeWind D4 48/600;48.0;60.0;2.5;11.5;19.0
DeWind D4 48/600;48.0;70.0;2.5;11.5;19.0
Dongfang G2000-116 / FD116-2000 geared;116.0;80.0;3.0;9.0;20.0
Dongfang G2000-116 / FD116-2000 geared;116.0;90.0;3.0;9.0;20.0
ecotècnia ECO 12/30;12.0;14.0;4.0;13.0;25.0
ecotècnia ECO 48/750;48.0;45.0;4.0;14.5;25.0
ecotècnia ECO 48/750;48.0;55.0;4.0;14.5;25.0
Enercon E-16;16.2;22.5;3.0;12.0;25.0
Enercon E-16;16.2;28.5;3.0;12.0;25.0
Enercon E-17;17.2;28.5;2.5;13.0;25.0
Enercon E-17;17.2;30.5;2.5;13.0;25.0
Enercon E-18;18.0;28.5;2.5;12.0;25.0
Enercon E-18;18.0;30.1;2.5;12.0;25.0
Enercon E-18;18.0;32.5;2.5;12.0;25.0
Enercon E-18;18.0;34.1;2.5;12.0;25.0
Enercon E-18;18.0;36.7;2.5;12.0;25.0
Enercon E-30;29.6;50.0;2.5;13.5;25.0
Enercon E-33 / 300;33.0;35.0;3.0;11.5;25.0
Enercon E-33 / 300;33.0;41.0;3.0;11.5;25.0
Enercon E-33 / 300;33.0;47.0;3.0;11.5;25.0
Enercon E-40/5.40;40.3;42.0;2.5;12.0;25.0
Enercon E-40/5.40;40.3;48.0;2.5;12.0;25.0
Enercon E-40/5.40;40.3;65.0;2.5;12.0;25.0
Enercon E-40/6.44;43.7;50.0;2.5;12.0;28.0
Enercon E-40/6.44;43.7;58.0;2.5;12.0;28.0
Enercon E-40/6.44;43.7;65.0;2.5;12.0;28.0
Enercon E-40/6.44;43.7;78.0;2.5;12.0;28.0
Enercon E-44;44.0;45.0;3.0;16.5;34.0
Enercon E-44;44.0;55.0;3.0;16.5;34.0
Enercon E-48;48.0;50.0;3.0;12.0;34.0
Enercon E-48;48.0;55.0;3.0;12.0;34.0
Enercon E-48;48.0;60.0;3.0;12.0;34.0
Enercon E-48;48.0;65.0;3.0;12.0;34.0
Enercon E-48;48.0;76.0;3.0;12.0;34.0
Enercon E-53;52.9;60.0;3.0;12.0;34.0
Enercon E-53;52.9;73.0;3.0;12.0;34.0
Enercon E-58/10.58;58.6;59.0;2.5;12.0;34.0
Enercon E-58/10.58;58.6;67.0;2.5;12.0;34.0
Enercon E-58/10.58;58.6;70.5;2.5;12.0;34.0
Enercon E-58/10.58;58.6;89.0;2.5;12.0;34.0
Enercon E-66/15.66;66.0;67.0;2.5;13.0;25.0
Enercon E-66/15.66;66.0;100.0;2.5;13.0;25.0
Enercon E-66/18.70;70.0;65.0;2.5;12.5;34.0
Enercon E-66/18.70;70.0;80.0;2.5;12.5;34.0
Enercon E-66/18.70;70.0;86.0;2.5;12.5;34.0
Enercon E-66/18.70;70.0;98.0;2.5;12.5;34.0
Enercon E-66/18.70;70.0;114.0;2.5;12.5;34.0
Enercon E-70 E4 2.300;71.0;58.0;2.5;15.0;34.0
Enercon E-70 E4 2.300;71.0;64.0;2.5;15.0;34.0
Enercon E-70 E4 2.300;71.0;70.0;2.5;15.0;34.0
Enercon E-70 E4 2.300;71.0;85.0;2.5;15.0;34.0
Enercon E-70 E4 2.300;71.0;98.0;2.5;15.0;34.0
Enercon E-70 E4 2.300;71.0;99.0;2.5;15.0;34.0
Enercon E-70 E4 2.300;71.0;113.0;2.5;15.0;34.0
Enercon E-82 E2 2.300;82.0;78.0;3.0;12.0;34.0
Enercon E-82 E2 2.300;82.0;85.0;3.0;12.0;34.0
Enercon E-82 E2 2.300;82.0;98.0;3.0;12.0;34.0
Enercon E-82 E2 2.300;82.0;108.0;3.0;12.0;34.0
Enercon E-82 E2 2.300;82.0;138.0;3.0;12.0;34.0
Enercon E-82 E2 2.000;82.0;78.0;2.0;12.5;34.0
Enercon E-82 E2 2.000;82.0;85.0;2.0;12.5;34.0
Enercon E-82 E2 2.000;82.0;98.0;2.0;12.5;34.0
Enercon E-82 E2 2.000;82.0;108.0;2.0;12.5;34.0
Enercon E-82 E2 2.000;82.0;138.0;2.0;12.5;34.0
Enercon E-82 E4 2.350;82.0;59.0;2.0;14.0;34.0
Enercon E-82 E4 2.350;82.0;69.0;2.0;14.0;34.0
Enercon E-82 E4 2.350;82.0;78.0;2.0;14.0;34.0
Enercon E-82 E4 2.350;82.0;84.0;2.0;14.0;34.0
Enercon E-82 E4 3.000;82.0;59.0;3.0;16.0;34.0
Enercon E-82 E4 3.000;82.0;69.0;3.0;16.0;34.0
Enercon E-82 E4 3.000;82.0;78.0;3.0;16.0;34.0
Enercon E-82 E4 3.000;82.0;84.0;3.0;16.0;34.0
Enercon E-92;92.0;78.0;2.0;14.0;25.0
Enercon E-92;92.0;84.0;2.0;14.0;25.0
Enercon E-92;92.0;85.0;2.0;14.0;25.0
Enercon E-92;92.0;98.0;2.0;14.0;25.0
Enercon E-92;92.0;104.0;2.0;14.0;25.0
Enercon E-92;92.0;108.0;2.0;14.0;25.0
Enercon E-92;92.0;138.0;2.0;14.0;25.0
Enercon E-101;101.0;99.0;2.0;13.0;25.0
Enercon E-101;101.0;124.0;2.0;13.0;25.0
Enercon E-101;101.0;135.0;2.0;13.0;25.0
Enercon E-101;101.0;149.0;2.0;13.0;25.0
Enercon E-101 E2 3.050;101.0;74.0;2.0;13.0;34.0
Enercon E-101 E2 3.500;101.0;74.0;2.0;15.0;25.0
Enercon E-112/45.114;114.0;124.0;2.5;13.0;34.0
Enercon E-115 2.500;115.0;92.5;3.0;12.0;34.0
Enercon E-115 2.500;115.0;149.0;3.0;12.0;34.0
Enercon E-115 EP3 3.000 prototype;115.7;67.0;2.5;12.8;34.0
Enercon E-115 EP3 3.000 prototype;115.7;87.0;2.5;12.8;34.0
Enercon E-115 EP3 3.000 prototype;115.7;92.0;2.5;12.8;34.0
Enercon E-115 EP3 3.000 prototype;115.7;122.0;2.5;12.8;34.0
Enercon E-115 EP3 3.000 prototype;115.7;135.0;2.5;12.8;34.0
Enercon E-115 EP3 3.000 prototype;115.7;149.0;2.5;12.8;34.0
Enercon E-115 3.000;115.7;92.0;2.0;11.5;25.0
Enercon E-115 3.000;115.7;135.0;2.0;11.5;25.0
Enercon E-115 3.000;115.7;149.0;2.0;11.5;25.0
Enercon E-126 EP4;127.0;99.0;3.0;13.5;34.0
Enercon E-126 EP4;127.0;135.0;3.0;13.5;34.0
Enercon E-126 EP4;127.0;144.0;3.0;13.5;34.0
Enercon E-126 7.58 EP8;127.0;135.0;3.0;16.5;34.0
Enercon E-141 EP4;141.0;129.0;3.0;14.0;34.0
Enercon E-141 EP4;141.0;159.0;3.0;14.0;34.0
Enercon E-175 EP5;175.0;112.0;2.0;12.5;25.0
Enercon E-175 EP5;175.0;132.0;2.0;12.5;25.0
Enercon E-175 EP5;175.0;162.0;2.0;12.5;25.0
eno energy eno 100;100.5;99.0;3.0;12.0;25.0
eno energy eno 114 3.5;114.9;92.0;3.0;13.0;25.0
eno energy eno 114 3.5;114.9;128.0;3.0;13.0;25.0
eno energy eno 114 3.5;114.9;142.0;3.0;13.0;25.0
eno energy eno 126 3.5;126.0;117.0;3.0;13.0;25.0
eno energy eno 126 3.5;126.0;137.0;3.0;13.0;25.0
Enron 900s;55.0;60.0;4.0;11.6;25.0
FREEN 20 kW;7.0;19.0;3.5;14.9;17.0
Fuhrländer FL MD 77;77.0;61.5;3.0;11.1;20.0
Fuhrländer FL MD 77;77.0;85.0;3.0;11.1;20.0
Fuhrländer FL MD 77;77.0;100.0;3.0;11.1;20.0
Fuhrländer FL MD 77;77.0;114.5;3.0;11.1;20.0
Fuhrländer FL 2500/90;90.0;85.0;4.0;12.5;25.0
Fuhrländer FL 2500/90;90.0;100.0;4.0;12.5;25.0
Fuhrländer FL 2500/90;90.0;117.0;4.0;12.5;25.0
Fuhrländer FL 2500/90;90.0;141.0;4.0;12.5;25.0
Fuhrländer FL 2500/90;90.0;160.0;4.0;12.5;25.0
Fuhrländer FL 2500/100;100.0;85.0;3.5;12.0;25.0
Fuhrländer FL 2500/100;100.0;100.0;3.5;12.0;25.0
Fuhrländer FL 2500/100;100.0;*141;3.5;12.0;25.0
Fuhrländer FL 2500/100;100.0;*160;3.5;12.0;25.0
Fuhrländer FL 2500/104;104.0;85.0;3.5;13.0;25.0
Fuhrländer FL 2500/104;104.0;100.0;3.5;13.0;25.0
Fuhrländer FL 2500/104;104.0;117.0;3.5;13.0;25.0
Fuhrländer FL 2500/104;104.0;141.0;3.5;13.0;25.0
Fuhrländer FL 2500/104;104.0;160.0;3.5;13.0;25.0
Fuhrländer LLC WTU2.0-93;93.0;70.0;3.0;12.0;25.0
Fuhrländer LLC WTU2.0-93;93.0;85.0;3.0;12.0;25.0
Fuhrländer LLC WTU2.0-93;93.0;100.0;3.0;12.0;25.0
Fuhrländer LLC WTU2.0-93;93.0;117*;3.0;12.0;25.0
Fuhrländer LLC WTU2.0-93;93.0;141*;3.0;12.0;25.0
Fuhrländer LLC WTU2.0-100;100.0;70.0;3.0;11.5;25.0
Fuhrländer LLC WTU2.0-100;100.0;85.0;3.0;11.5;25.0
Fuhrländer LLC WTU2.0-100;100.0;100.0;3.0;11.5;25.0
Fuhrländer LLC WTU2.0-100;100.0;117*;3.0;11.5;25.0
Fuhrländer LLC WTU2.0-100;100.0;141*;3.0;11.5;25.0
Fuhrländer LLC WTU3.0-120;120.0;90.0;3.0;12.0;25.0
Fuhrländer LLC WTU3.0-120;120.0;100.0;3.0;12.0;25.0
Fuhrländer LLC WTU3.0-120;120.0;120.0;3.0;12.0;25.0
Fuhrländer LLC WTU3.0-120;120.0;120*;3.0;12.0;25.0
Fuhrländer LLC WTU3.0-120;120.0;140*;3.0;12.0;25.0
Fuhrländer LLC WTU3.0-120;120.0;160*;3.0;12.0;25.0
Fuhrländer LLC WTU3.5-120;120.7;90.0;3.0;13.0;25.0
Fuhrländer LLC WTU3.5-120;120.7;100.0;3.0;13.0;25.0
Fuhrländer LLC WTU3.5-120;120.7;120.0;3.0;13.0;25.0
Fuhrländer LLC WTU4.5-151;151.0;120.0;3.0;12.0;20.0
FWT 93/2000;93.0;85.0;3.0;11.5;25.0
FWT 93/2000;93.0;100.0;3.0;11.5;25.0
FWT 93/2000;93.0;117*;3.0;11.5;25.0
FWT 93/2000;93.0;141*;3.0;11.5;25.0
FWT 100/2000;100.0;85.0;3.0;11.5;25.0
FWT 100/2000;100.0;100.0;3.0;11.5;25.0
FWT 100/2000;100.0;117*;3.0;11.5;25.0
FWT 100/2000;100.0;141*;3.0;11.5;25.0
FWT 100/2500;100.0;85.0;3.5;13.0;25.0
FWT 100/2500;100.0;100.0;3.5;13.0;25.0
FWT 100/2500;100.0;141*;3.5;13.0;25.0
FWT 100/2500;100.0;160*;3.5;13.0;25.0
FWT 104/2500;104.0;85.0;3.5;12.0;25.0
FWT 104/2500;104.0;100.0;3.5;12.0;25.0
FWT 104/2500;104.0;141*;3.5;12.0;25.0
FWT 104/2500;104.0;160*;3.5;12.0;25.0
FWT 120/3000;120.6;90.0;3.0;12.0;25.0
FWT 120/3000;120.6;100.0;3.0;12.0;25.0
FWT 120/3000;120.6;140*;3.0;12.0;25.0
Gamesa G52;52.0;44.0;4.0;13.0;25.0
Gamesa G52;52.0;55.0;4.0;13.0;25.0
Gamesa G52;52.0;65.0;4.0;13.0;25.0
Gamesa G58;58.0;44.0;3.0;12.5;20.0
Gamesa G58;58.0;55.0;3.0;12.5;20.0
Gamesa G58;58.0;65.0;3.0;12.5;20.0
Gamesa G58;58.0;74.0;3.0;12.5;20.0
Gamesa G80;80.0;60.0;3.5;12.0;25.0
Gamesa G80;80.0;67.0;3.5;12.0;25.0
Gamesa G80;80.0;78.0;3.5;12.0;25.0
Gamesa G80;80.0;100.0;3.5;12.0;25.0
Gamesa G83;83.0;67.0;4.0;13.5;25.0
Gamesa G83;83.0;78.0;4.0;13.5;25.0
Gamesa G97;97.0;78.0;3.0;11.0;25.0
Gamesa G97;97.0;90.0;3.0;11.0;25.0
Gamesa G97;97.0;100.0;3.0;11.0;25.0
Gamesa G97;97.0;120.0;3.0;11.0;25.0
Gamesa G114-2.0MW;114.0;93.0;2.5;10.0;25.0
Gamesa G114-2.0MW;114.0;120.0;2.5;10.0;25.0
Gamesa G114-2.0MW;114.0;140.0;2.5;10.0;25.0
Gamesa G114-2.5MW;114.0;64.0;2.0;10.0;25.0
Gamesa G114-2.5MW;114.0;80.0;2.0;10.0;25.0
Gamesa G114-2.5MW;114.0;93.0;2.0;10.0;25.0
Gamesa G114-2.5MW;114.0;120.0;2.0;10.0;25.0
Gamesa G114-2.5MW;114.0;140.0;2.0;10.0;25.0
Gamesa G126-2.5MW;126.0;84.0;2.0;10.0;21.0
Gamesa G126-2.5MW;126.0;102.0;2.0;10.0;21.0
Gamesa G126-2.5MW;126.0;129site specific;2.0;10.0;21.0
Gamesa G128-4.5MW;128.0;81.0;1.0;12.0;27.0
Gamesa G128-4.5MW;128.0;120.0;1.0;12.0;27.0
Gamesa G128-4.5MW;128.0;140.0;1.0;12.0;27.0
Gamesa G128-5.0MW;128.0;81.0;2.0;14.0;27.0
Gamesa G128-5.0MW;128.0;95.0;2.0;14.0;27.0
Gamesa G128-5.0MW;128.0;120.0;2.0;14.0;27.0
Gamesa G128-5.0MW;128.0;140.0;2.0;14.0;27.0
Gamesa G132-3.3MW;132.0;84.0;2.0;10.0;25.0
Gamesa G132-3.3MW;132.0;97.0;2.0;10.0;25.0
Gamesa G132-3.3MW;132.0;114.0;2.0;10.0;25.0
Gamesa G132-3.3MW;132.0;134 and site specific;2.0;10.0;25.0
Gamesa G132-5.0MW;132.0;95.0;1.5;13.0;27.0
Gamesa G132-5.0MW;132.0;120.0;1.5;13.0;27.0
Gamesa G132-5.0MW;132.0;140.0;1.5;13.0;27.0
Garuda G 1700.84;84.0;80.0;3.5;10.8;24.0
Garuda G 1700.84;84.0;103.0;3.5;10.8;24.0
GE Vernova GE 1.5s;70.5;64.7;4.0;13.0;25.0
GE Vernova GE 1.5s;70.5;80.0;4.0;13.0;25.0
GE Vernova GE 1.5s;70.5;85.0;4.0;13.0;25.0
GE Vernova GE 1.5s;70.5;100.0;4.0;13.0;25.0
GE Vernova GE 1.5sl;77.0;61.4;3.5;12.0;25.0
GE Vernova GE 1.5sl;77.0;64.7;3.5;12.0;25.0
GE Vernova GE 1.5sl;77.0;80.0;3.5;12.0;25.0
GE Vernova GE 1.5sl;77.0;85.0;3.5;12.0;25.0
GE Vernova GE 1.5sl;77.0;100.0;3.5;12.0;25.0
GE Vernova GE 1.6 - 100;100.0;80.0;3.5;11.0;25.0
GE Vernova GE 1.6 - 100;100.0;100.0;3.5;11.0;25.0
GE Vernova GE 2.5 - 100;100.0;75.0;3.0;13.0;25.0
GE Vernova GE 2.5 - 100;100.0;85.0;3.0;13.0;25.0
GE Vernova GE 2.5-103;103.0;85.0;3.0;12.0;25.0
GE Vernova GE 2.5-103;103.0;100.0;3.0;12.0;25.0
GE Vernova GE 2.5 - 120;120.0;110.0;3.0;-;25.0
GE Vernova GE 2.5 - 120;120.0;139.0;3.0;-;25.0
GE Vernova GE 2.75 - 103;103.0;75.0;3.0;13.0;25.0
GE Vernova GE 2.75 - 103;103.0;85.0;3.0;13.0;25.0
GE Vernova GE 2.75 - 103;103.0;98.3;3.0;13.0;25.0
GE Vernova GE 2.75 - 103;103.0;123.5;3.0;13.0;25.0
GE Vernova GE 2.75 - 120;120.0;85.0;-;-;-
GE Vernova GE 2.75 - 120;120.0;110.0;-;-;-
GE Vernova GE 2.75 - 120;120.0;139.0;-;-;-
GE Vernova GE 3.2-130;130.0;85.0;2.0;12.0;25.0
GE Vernova GE 3.2-130;130.0;110.0;2.0;12.0;25.0
GE Vernova GE 3.2-130;130.0;134*;2.0;12.0;25.0
GE Vernova GE 3.2-130;130.0;155';2.0;12.0;25.0
GE Vernova GE 3.4-137;137.0;85.0;-;-;-
GE Vernova GE 3.4-137;137.0;110.0;-;-;-
GE Vernova GE 3.4-137;137.0;131.0;-;-;-
GE Vernova GE 3.4-137;137.0;134.0;-;-;-
GE Vernova GE 3.4-137;137.0;155.0;-;-;-
Greenstorm GS 21 S;22.3;30.0;3.0;8.8;25.0
Greenstorm GS 21 S;22.3;36.0;3.0;8.8;25.0
WEG AGW 100;24.4;37.0;3.0;12.0;25.0
Halbes 1 kW;2.0;site specific;2.0;11.0;25.0
Halbes 2 kW;2.0;site specific;2.0;13.0;25.0
HEAG HW1-780;50.0;50.0;3.5;14.5;25.0
HEAG HW1-780;50.0;60.0;3.5;14.5;25.0
HEAG HW3/S2500(90);90.0;70.0;3.0;12.5;25.0
HEAG HW3/S2500(90);90.0;80.0;3.0;12.5;25.0
HEAG HW3/S2500(90);90.0;90.0;3.0;12.5;25.0
HEAG HW3/S2500(90);90.0;100.0;3.0;12.5;25.0
HEAG HW3/S2500(97);97.0;70.0;3.0;12.0;25.0
HEAG HW3/S2500(97);97.0;80.0;3.0;12.0;25.0
HEAG HW3/S2500(103);103.0;80.0;3.0;11.7;25.0
HEAG HW3/S2500(103);103.0;90.0;3.0;11.7;25.0
HEAG HW3/S2500(110);110.0;80.0;3.0;10.5;22.0
HEAG HW3/S2500(110);110.0;90.0;3.0;10.5;22.0
Iskra AT5-1;5.4;9.0;2.5;12.0;60.0
Iskra AT5-1;5.4;12.0;2.5;12.0;60.0
Iskra AT5-1;5.4;15.0;2.5;12.0;60.0
Jacobs Wind Electric 31-20;9.5;24.5;3.5;-;-
Jacobs Wind Electric 31-20;9.5;48.5;3.5;-;-
Krogmann 15-50;15.0;30.0;2.5;14.0;25.0
Krogmann 15-50;15.0;37.0;2.5;14.0;25.0
Kuriant KE 18/4EH;10.9;20.0;3.5;23.0;25.0
Lagerwey LW 52/750;51.5;35-75;2.5;13.0;25.0
Lagerwey LW 58/750;58.0;75.0;1.0;11.0;20.0
Lagerwey LW 72/2000;71.2;65.0;2.0;13.0;25.0
Lagerwey LW 72/2000;71.2;80.0;2.0;13.0;25.0
Leitwind LTW42 250;42.0;29.47;3.0;9.0;25.0
Leitwind LTW42 500;42.0;28.0;2.5;13.0;20.0
Leitwind LTW42 500;42.0;39.0;2.5;13.0;20.0
Leitwind LTW77 800;76.6;61.5;3.0;11.0;25.0
Leitwind LTW77 800;76.6;65.0;3.0;11.0;25.0
Leitwind LTW77 800;76.6;80.0;3.0;11.0;25.0
Leitwind LTW77 850;76.6;61.5;3.0;11.0;25.0
Leitwind LTW77 850;76.6;65.0;3.0;11.0;25.0
Leitwind LTW77 850;76.6;80.0;3.0;11.0;25.0
Leitwind LTW77 1000;76.6;61.5;3.0;11.0;25.0
Leitwind LTW77 1000;76.6;65.0;3.0;11.0;25.0
Leitwind LTW77 1000;76.6;80.0;3.0;11.0;25.0
Leitwind LTW77 1500;76.7;61.5;3.0;15.0;25.0
Leitwind LTW77 1500;76.7;65.0;3.0;15.0;25.0
Leitwind LTW77 1500;76.7;80.0;3.0;15.0;25.0
Leitwind LTW80 500;80.0;60.0;3.0;8.0;25.0
Leitwind LTW80 500;80.0;65.0;3.0;8.0;25.0
Leitwind LTW80 500;80.0;80.0;3.0;8.0;25.0
Leitwind LTW80 800;80.3;65.0;3.0;10.0;25.0
Leitwind LTW80 800;80.3;80.0;3.0;10.0;25.0
Leitwind LTW80 850;80.0;65.0;3.0;10.0;25.0
Leitwind LTW80 850;80.0;80.0;3.0;10.0;25.0
Leitwind LTW80 1000;80.3;65.0;3.0;11.0;25.0
Leitwind LTW80 1000;80.3;80.0;3.0;11.0;25.0
Leitwind LTW80 1500;80.3;60.0;3.0;12.0;25.0
Leitwind LTW80 1500;80.3;65.0;3.0;12.0;25.0
Leitwind LTW80 1500;80.3;80.0;3.0;12.0;25.0
Leitwind LTW80 1500;80.3;100.0;3.0;12.0;25.0
Leitwind LTW80 1650;80.3;60.0;3.0;13.0;25.0
Leitwind LTW80 1650;80.3;65.0;3.0;13.0;25.0
Leitwind LTW80 1650;80.3;80.0;3.0;13.0;25.0
Leitwind LTW80 1800;80.3;60.0;3.0;13.0;25.0
Leitwind LTW80 1800;80.3;65.0;3.0;13.0;25.0
Leitwind LTW80 1800;80.3;80.0;3.0;13.0;25.0
Leitwind LTW86 1000;86.3;80.0;3.0;11.0;25.0
Leitwind LTW86 1000;86.3;90.0;3.0;11.0;25.0
Leitwind LTW86 1000;86.3;97.5;3.0;11.0;25.0
Leitwind LTW86 1000;86.3;100.0;3.0;11.0;25.0
Leitwind LTW86 1500;86.3;80.0;3.0;13.0;20.0
Leitwind LTW86 1500;86.3;90.0;3.0;13.0;20.0
Leitwind LTW86 1500;86.3;97.5;3.0;13.0;20.0
Leitwind LTW86 1500;86.3;100.0;3.0;13.0;20.0
Leitwind LTW90 500;90.0;60.0;3.0;8.0;25.0
Leitwind LTW90 500;90.0;65.0;3.0;8.0;25.0
Leitwind LTW90 500;90.0;80.0;3.0;8.0;25.0
Leitwind LTW90 900;90.0;60.0;3.0;9.0;25.0
Leitwind LTW90 900;90.0;65.0;3.0;9.0;25.0
Leitwind LTW90 900;90.0;80.0;3.0;9.0;25.0
Leitwind LTW90 900;90.0;97.5;3.0;9.0;25.0
Leitwind LTW90 950;90.3;65.0;3.0;9.0;25.0
Leitwind LTW90 950;90.3;80.0;3.0;9.0;25.0
Leitwind LTW90 950;90.3;90.0;3.0;9.0;25.0
Leitwind LTW90 950;90.3;97.5;3.0;9.0;25.0
Leitwind LTW90 950;90.3;105.0;3.0;9.0;25.0
Leitwind LTW90 1000;90.3;65.0;3.0;9.0;25.0
Leitwind LTW90 1000;90.3;80.0;3.0;9.0;25.0
Leitwind LTW90 1000;90.3;90.0;3.0;9.0;25.0
Leitwind LTW90 1000;90.3;97.5;3.0;9.0;25.0
Leitwind LTW90 1000;90.3;105.0;3.0;9.0;25.0
Leitwind LTW90 1500;90.3;65.0;3.0;11.0;25.0
Leitwind LTW90 1500;90.3;80.0;3.0;11.0;25.0
Leitwind LTW90 1500;90.3;97.5;3.0;11.0;25.0
Leitwind LTW90 2000;90.3;65.0;3.0;13.0;25.0
Leitwind LTW90 2000;90.3;80.0;3.0;13.0;25.0
Leitwind LTW90 2000;90.3;97.5;3.0;13.0;25.0
Leitwind LTW101 2000;101.0;80-93.5;3.0;11.0;25.0
Leitwind LTW101 2500;101.0;80-93.5;3.0;12.0;25.0
Leitwind LTW101 3000;101.0;93.5-143;3.0;15.0;25.0
Leitwind LTW104 2000;104.1;95.0;3.0;10.0;25.0
Leitwind LTW104 2000;104.1;143.0;3.0;10.0;25.0
Leitwind LTW104 2500;104.1;95.0;3.0;11.0;25.0
Leitwind LTW104 2500;104.1;143.0;3.0;11.0;25.0
MAN Aeroman 11/11;11.6;10.0;3.8;8.5;24.0
Micon M 530;26.0;30.0;4.0;14.5;25.0
Micon M 700-225;29.8;30.0;3.0;15.0;25.0
Micon M 700-225;29.8;36.0;3.0;15.0;25.0
Mitsubishi MWT-250C;28.0;30.5;5.0;12.9;24.0
Mitsubishi MWT-500;41.0;50.0;4.5;12.5;24.0
Multibrid M5000;116.0;90.0;3.5;12.0;25.0
Multibrid M5000;116.0;102.0;3.5;12.0;25.0
NEG Micon NM 43/600;43.0;46.0;2.5;15.5;25.0
NEG Micon NM 44/750;44.0;40.0;3.0;16.0;25.0
NEG Micon NM 44/750;44.0;46.0;3.0;16.0;25.0
NEG Micon NM 44/750;44.0;52.0;3.0;16.0;25.0
NEG Micon NM 44/750;44.0;56.0;3.0;16.0;25.0
NEG Micon NM 48/750;48.2;50.0;4.0;16.0;25.0
NEG Micon NM 48/750;48.2;60.0;4.0;16.0;25.0
NEG Micon NM 48/750;48.2;70.0;4.0;16.0;25.0
NEG Micon NM 52/900;52.2;60.0;3.5;16.0;25.0
NEG Micon NM 52/900;52.2;74.0;3.5;16.0;25.0
NEG Micon NM 54/950;54.0;50.0;3.0;16.0;25.0
NEG Micon NM 54/950;54.0;60.0;3.0;16.0;25.0
NEG Micon NM 60/1000;60.0;70.0;3.0;16.0;20.0
NEG Micon NM 60/1000;60.0;80.0;3.0;16.0;20.0
NEG Micon NM 72C/1500;72.0;64.0;3.0;13.0;20.0
NEG Micon NM 72C/1500;72.0;80.0;3.0;13.0;20.0
NEG Micon NM 72C/1500;72.0;98.0;3.0;13.0;20.0
NEG Micon NM 72/1650;72.0;70.0;4.0;16.0;25.0
NEG Micon NM 72/1650;72.0;85.0;4.0;16.0;25.0
NEG Micon NM 72/1650;72.0;93.0;4.0;16.0;25.0
NEG Micon NM 82/1500;82.0;94-109;3.0;13.0;25.0
NEG Micon NM 82/1650;82.0;59.0;4.0;13.0;20.0
NEG Micon NM 82/1650;82.0;68.5;4.0;13.0;20.0
NEG Micon NM 82/1650;82.0;70.0;4.0;13.0;20.0
NEG Micon NM 82/1650;82.0;78.0;4.0;13.0;20.0
NEG Micon NM 82/1650;82.0;80.0;4.0;13.0;20.0
Nordex N27/150;27.0;30.0;3.0;15.5;25.0
Nordex N27/150;27.0;36.0;3.0;15.5;25.0
Nordex N27/150;27.0;40.0;3.0;15.5;25.0
Nordex N27/150;27.0;50.0;3.0;15.5;25.0
Nordex N27/250;27.0;30.0;3.0;15.5;25.0
Nordex N27/250;27.0;36.0;3.0;15.5;25.0
Nordex N27/250;27.0;41.5;3.0;15.5;25.0
Nordex N27/250;27.0;50.0;3.0;15.5;25.0
Nordex N29;29.7;36.0;3.0;15.0;25.0
Nordex N29;29.7;40.0;3.0;15.0;25.0
Nordex N29;29.7;50.0;3.0;15.0;25.0
Nordex N43;43.0;40.0;2.5;15.0;25.0
Nordex N43;43.0;50.0;2.5;15.0;25.0
Nordex N43;43.0;60.0;2.5;15.0;25.0
Nordex N43;43.0;78.0;2.5;15.0;25.0
Nordex N50;50.0;46.0;2.5;15.0;25.0
Nordex N50;50.0;50.0;2.5;15.0;25.0
Nordex N50;50.0;70.0;2.5;15.0;25.0
Nordex N52;52.0;60.0;3.0;12.5;25.0
Nordex N52;52.0;70.0;3.0;12.5;25.0
Nordex N60;60.0;60.0;2.5;15.0;25.0
Nordex N60;60.0;65.0;2.5;15.0;25.0
Nordex N60;60.0;69.0;2.5;15.0;25.0
Nordex N60;60.0;85.0;2.5;15.0;25.0
Nordex N62;62.0;60.0;2.5;15.0;25.0
Nordex N62;62.0;69.0;2.5;15.0;25.0
Nordex N62;62.0;80.0;2.5;15.0;25.0
Nordex N62;62.0;69.0;2.5;15.0;25.0
Nordex N70;70.0;65.0;3.5;13.0;25.0
Nordex N70;70.0;85.0;3.5;13.0;25.0
Nordex N70;70.0;98.0;3.5;13.0;25.0
Nordex N70;70.0;114.5;3.5;13.0;25.0
Nordex N77;77.0;62.0;3.0;11.1;25.0
Nordex N77;77.0;85.0;3.0;11.1;25.0
Nordex N77;77.0;90.0;3.0;11.1;25.0
Nordex N77;77.0;111.5;3.0;11.1;25.0
Nordex N80 Alpha;80.0;60.0;4.0;15.0;25.0
Nordex N80 Alpha;80.0;80.0;4.0;15.0;25.0
Nordex N80 Alpha;80.0;100.0;4.0;15.0;25.0
Nordex N80 Alpha;80.0;105.0;4.0;15.0;25.0
Nordex N90 Beta;90.0;80.0;3.0;12.0;25.0
Nordex N90 Beta;90.0;100.0;3.0;12.0;25.0
Nordex N90 Beta;90.0;104.0;3.0;12.0;25.0
Nordex N90/2500;90.0;70.0;3.0;13.5;25.0
Nordex N90/2500;90.0;75.0;3.0;13.5;25.0
Nordex N90/2500;90.0;80.0;3.0;13.5;25.0
Nordex N90/2500;90.0;100.0;3.0;13.5;25.0
Nordex N90/2500;90.0;120.0;3.0;13.5;25.0
Nordex N100 Delta;99.8;75.0;3.5;-;25.0
Nordex N100 Delta;99.8;85.0;3.5;-;25.0
Nordex N100 Delta;99.8;100.0;3.5;-;25.0
Nordex N100 Gamma;99.8;75 -100;3.0;12.0;20.0
Nordex N117 Delta;116.8;91.0;3.0;-;25.0
Nordex N117 Delta;116.8;120.0;3.0;-;25.0
Nordex N117 Delta;116.8;141.0;3.0;-;25.0
Nordex N117 Gamma;116.8;91.0;3.0;11.0;20.0
Nordex N117 Gamma;116.8;120.0;3.0;11.0;20.0
Nordex N117 Gamma;116.8;141.0;3.0;11.0;20.0
Nordex N117/3600 Delta;116.8;91.0;3.0;-;25.0
Nordex N117/3600 Delta;116.8;106.0;3.0;-;25.0
Nordex N117/3600 Delta;116.8;141*;3.0;-;25.0
Nordex N131/3000 Delta;131.0;99.0;3.0;-;20.0
Nordex N131/3000 Delta;131.0;114.0;3.0;-;20.0
Nordex N131/3000 Delta;131.0;134.0;3.0;-;20.0
Nordex N131/3300 Delta;131.0;134.0;3.0;-;20.0
Nordex N131/3300 Delta;131.0;164.0;3.0;-;20.0
Nordex N131/3600 Delta;131.0;84.0;3.0;-;20.0
Nordex N131/3600 Delta;131.0;106.0;3.0;-;20.0
Nordex N131/3600 Delta;131.0;112.0;3.0;-;20.0
Nordex N131/3600 Delta;131.0;134.0;3.0;-;20.0
Nordtank NTK 150;24.6;32.5;4.0;13.5;25.0
Nordtank NTK 200;28.0;30.0;4.0;12.5;25.0
Nordtank NTK 400;35.0;35.0;4.5;18.0;25.0
NPS Northern Power NPS 60-24;24.4;23.0;3.0;11.0;25.0
NPS Northern Power NPS 60-24;24.4;29.0;3.0;11.0;25.0
NPS Northern Power NPS 60-24;24.4;37.0;3.0;11.0;25.0
NPS Northern Power NPS 100C-24;24.4;22.0;3.0;12.0;25.0
NPS Northern Power NPS 100C-24;24.4;29.0;3.0;12.0;25.0
NPS Northern Power NPS 100C-24;24.4;37.0;3.0;12.0;25.0
Norwin 24 STALL 150;24.0;30.0;4.0;14.0;25.0
Norwin 29 STALL 225;29.1;30.0;4.0;14.0;25.0
Norwin 29 STALL 225;29.1;40.0;4.0;14.0;25.0
Norwin 47 ASR 500;47.0;40- 65;4.0;13.0;25.0
PowerWind PW56;56.0;59 or 71;3.0;12.5;25.0
REpower 48/600;48.4;50.0;3.0;13.5;20.0
REpower 48/600;48.4;65.0;3.0;13.5;20.0
REpower 48/600;48.4;75.0;3.0;13.5;20.0
Ropatec 3kW;3.3;10.9;4.0;13.0;17.0
Ropatec 3kW;3.3;site specific;4.0;13.0;17.0
S&G Engineering SG2500.131 DD;131.0;120.0;3.0;10.0;20.0
S&G Engineering SG2700.100 DD;100.0;100.0;3.0;11.3;25.0
S&G Engineering SG2700.116 DD;116.0;100.0;3.0;10.5;24.0
Samsung 25s;90.0;80.0;3.5;12.0;25.0
Samsung 25s;90.0;site specific;3.5;12.0;25.0
SANY SE8220;82.5;70.0;3.5;12.0;25.0
SANY SE8220;82.5;80.0;3.5;12.0;25.0
SANY SE8720;87.0;70.0;3.5;11.5;25.0
SANY SE8720;87.0;80.0;3.5;11.5;25.0
SANY SE9315;93.0;70.0;3.0;10.5;25.0
SANY SE9315;93.0;80.0;3.0;10.5;25.0
SANY SE9320;93.0;70.0;3.0;11.0;25.0
SANY SE9320;93.0;80.0;3.0;11.0;25.0
SANY SE10015;102.0;70.0;3.0;10.0;22.0
SANY SE10015;102.0;80.0;3.0;10.0;22.0
SANY SE10020;102.0;80.0;2.5;10.0;25.0
SANY SE10020;102.0;85.0;2.5;10.0;25.0
SANY SE10020;102.0;90.0;2.5;10.0;25.0
SANY SE11520;115.0;80.0;2.5;9.5;22.0
SANY SE11520;115.0;85.0;2.5;9.5;22.0
SANY SE11520;115.0;90.0;2.5;9.5;22.0
SANY SE11525;115.0;90.0;2.5;10.0;25.0
SANY SE11525;115.0;100.0;2.5;10.0;25.0
SANY SE11525;115.0;110.0;2.5;10.0;25.0
SANY SE11525;115.0;120.0;2.5;10.0;25.0
SANY SE12120;121.0;90.0;2.5;8.5;22.0
SANY SE12125;121.0;90.0;3.0;9.5;25.0
SANY SE12125;121.0;100.0;3.0;9.5;25.0
SANY SE12125;121.0;110.0;3.0;9.5;25.0
SANY SE12125;121.0;120.0;3.0;9.5;25.0
SANY SE12130;121.0;100.0;3.0;10.0;25.0
SANY SE12130;121.0;110.0;3.0;10.0;25.0
SANY SE12130;121.0;120.0;3.0;10.0;25.0
SANY SE12130;121.0;138.0;3.0;10.0;25.0
SANY SE12520;125.0;90.0;2.5;8.5;22.0
SANY SE12525;125.0;80.0;2.5;9.0;28.0
SANY SE12525;125.0;85.0;2.5;9.0;28.0
SANY SE12525;125.0;90.0;2.5;9.0;28.0
SANY SE12725;127.0;90.0;3.0;9.0;25.0
SANY SE12725;127.0;100.0;3.0;9.0;25.0
SANY SE12725;127.0;110.0;3.0;9.0;25.0
SANY SE12725;127.0;120.0;3.0;9.0;25.0
SANY SE12730;127.0;100.0;3.0;9.5;25.0
SANY SE12730;127.0;110.0;3.0;9.5;25.0
SANY SE12730;127.0;120.0;3.0;9.5;25.0
SANY SE12730;127.0;138.0;3.0;9.5;25.0
SANY SE13122;129.5;85.0;2.5;-;22.0
SANY SE13122;129.5;90.0;2.5;-;22.0
SANY SE13122;129.5;100.0;2.5;-;22.0
SANY SE13122;129.5;120.0;2.5;-;22.0
SANY SE13122;129.5;130.0;2.5;-;22.0
SANY SE13122;129.5;140.0;2.5;-;22.0
SANY SE13125;131.0;90.0;3.0;9.1;22.0
SANY SE13125;131.0;100.0;3.0;9.1;22.0
SANY SE13125;131.0;120.0;3.0;9.1;22.0
SANY SE13625;136.0;90.0;3.0;8.6;22.0
SANY SE13625;136.0;100.0;3.0;8.6;22.0
SANY SE13625;136.0;120.0;3.0;8.6;22.0
SANY SE13625;136.0;130.0;3.0;8.6;22.0
SANY SE13625;136.0;140.0;3.0;8.6;22.0
SANY SE14525;145.0;100.0;3.0;8.2;22.0
SANY SE14525;145.0;125.0;3.0;8.2;22.0
SANY SE14525;145.0;145.0;3.0;8.2;22.0
Senvion 3.0M122;122.0;136.0;3.0;11.5;22.0
Senvion 3.0M122;122.0;139.0;3.0;11.5;22.0
Senvion 3.2M114;114.0;93.0;3.0;12.0;22.0
Senvion 3.2M114;114.0;119.0;3.0;12.0;22.0
Senvion 3.2M114;114.0;123.0;3.0;12.0;22.0
Senvion 3.2M114;114.0;143.0;3.0;12.0;22.0
Senvion 3.2M122;122.0;139.0;3.0;12.0;20.0
Senvion 3.4M114;114.0;93.0;3.0;12.0;22.0
Senvion 3.4M114;114.0;119.0;3.0;12.0;22.0
Senvion 3.4M114;114.0;123.0;3.0;12.0;22.0
Senvion 3.4M114;114.0;143.0;3.0;12.0;22.0
Senvion 3.4M140;140.0;110.0;3.0;11.0;22.0
Senvion 3.4M140;140.0;130.0;3.0;11.0;22.0
Senvion MM100;100.0;76.5;3.0;11.0;22.0
Senvion MM100;100.0;80.0;3.0;11.0;22.0
Senvion MM100;100.0;100.0;3.0;11.0;22.0
Siemens SWT-2.3-113;113.0;99.5;3.0;12.5;25.0
Siemens SWT-3.15-142;142.0;109.0;4.0;11.0;22.5
Siemens SWT-3.15-142;142.0;129.0;4.0;11.0;22.5
Siemens SWT-3.15-142;142.0;165.0;4.0;11.0;22.5
Siemens SWT-3.2-113;113.0;79.5;3.0;12.5;25.0
Siemens SWT-3.2-113;113.0;92.5;3.0;12.5;25.0
Siemens SWT-3.2-113;113.0;99.5;3.0;12.5;25.0
Siemens SWT-3.2-113;113.0;122.0;3.0;12.5;25.0
Siemens SWT-3.2-113;113.0;142.0;3.0;12.5;25.0
Siemens SWT-3.3-130;130.0;85.0;4.0;12.5;30.0
Siemens SWT-3.3-130;130.0;110.0;4.0;12.5;30.0
Siemens SWT-3.3-130;130.0;120.0;4.0;12.5;30.0
Siemens SWT-3.3-130;130.0;135.0;4.0;12.5;30.0
Siemens SWT-3.3-130 LN;130.0;85.0;4.0;11.4;25.0
Siemens SWT-3.3-130 LN;130.0;135.0;4.0;11.4;25.0
Siemens SWT-3.3-130 LN;130.0;165.0;4.0;11.4;25.0
Siemens SWT-3.6-120 Onshore;120.0;90.0;3.0;12.5;25.0
Siemens SWT-3.6-130;130.0;85.0;4.0;12.2;25.0
Siemens SWT-3.6-130;130.0;115.0;4.0;12.2;25.0
Siemens SWT-3.6-130;130.0;135.0;4.0;12.2;25.0
Siemens SWT-3.6-130;130.0;165.0;4.0;12.2;25.0
Siva 250/50;30.0;30.0;4.0;14.0;25.0
Siva 250/50;30.0;48.4;4.0;14.0;25.0
Südwind S-70;70.0;65.0;3.0;11.6;25.0
Südwind S-70;70.0;85.0;3.0;11.6;25.0
Südwind S-70;70.0;100.0;3.0;11.6;25.0
Südwind S-70;70.0;114.5;3.0;11.6;25.0
Südwind S-70 (special nacelle);70.0;65.0;3.0;13.0;25.0
Südwind S-70 (special nacelle);70.0;85.0;3.0;13.0;25.0
Südwind S-70 (special nacelle);70.0;98.0;3.0;13.0;25.0
Südwind S-70 (special nacelle);70.0;114.4;3.0;13.0;25.0
Südwind S-77;77.0;62.0;3.0;11.1;25.0
Südwind S-77;77.0;85.0;3.0;11.1;25.0
Südwind S-77;77.0;90.0;3.0;11.1;25.0
Südwind S-77;77.0;100.0;3.0;11.1;25.0
Südwind S-77;77.0;114.5;3.0;11.1;25.0
superwind SW 350-II;1.2;3.0;3.5;12.5;35.0
superwind SW 350-II;1.2;site specific;3.5;12.5;35.0
Suzlon S 33-350;33.4;50.0;3.5;14.0;25.0
Suzlon S 33-350;33.4;60.0;3.5;14.0;25.0
Suzlon S 33-350;33.4;70.0;3.5;14.0;25.0
Suzlon S 60-1000;60.0;65.0;3.0;13.0;25.0
Suzlon S 62-1000;62.0;65.0;3.0;13.0;25.0
Suzlon S 64-950;64.0;65.0;3.0;11.0;25.0
Suzlon S 64-1000;64.0;65.0;3.0;11.0;25.0
Suzlon S 64-1250;64.0;74.5;4.0;12.0;25.0
Suzlon S 66-1250;66.0;74.5;4.0;12.0;20.0
Suzlon S 88-2100;88.0;80.0;4.0;14.0;25.0
Tacke TW 45;12.5;24.0;3.0;12.5;20.0
Tacke TW 80;21.0;40.0;3.0;11.5;25.0
Tacke TW 500;36.0;40.0;3.0;13.0;25.0
Tacke TW 500;36.0;43.0;3.0;13.0;25.0
Tacke TW 600;43.0;50.0;3.0;14.5;25.0
Tellus T-1780;17.0;23.4;3.0;14.0;28.0
Tellus T-1780;17.0;40.8;3.0;14.0;28.0
Wind Turbine Company WTC 100;26.0;site specific to 50;2.5;11.0;20.0
TUGE 10 kW;10.2;18.0;3.0;11.0;25.0
TUGE 10 kW;10.2;22.0;3.0;11.0;25.0
TURBOWINDS T400-34;34.0;30.0;3.0;14.0;25.0
TURBOWINDS T400-34;34.0;34.0;3.0;14.0;25.0
TURBOWINDS T400-34;34.0;50.0;3.0;14.0;25.0
TURBOWINDS T600-48;48.0;50.0;3.0;12.5;25.0
TURBOWINDS T600-48;48.0;60.0;3.0;12.5;25.0
Unison U54;54.0;60.0;3.0;11.5;25.0
USW U.S. Windpower 56-100;17.0;18.0;5.0;13.0;20.0
Vensys 77/1500;76.8;61.5;3.0;13.0;22.0
Vensys 77/1500;76.8;85.0;3.0;13.0;22.0
Vensys 77/1500;76.8;100.0;3.0;13.0;22.0
Vensys 82/1500;82.3;85.0;3.0;12.5;22.0
Vensys 82/1500;82.3;100.0;3.0;12.5;22.0
Vensys 100/2500;99.8;100.0;3.0;11.0;25.0
Vensys 109/2500;108.9;95.0;3.0;12.5;25.0
Vensys 109/2500;108.9;145.0;3.0;12.5;25.0
Vensys 112/2500;112.5;93.5;3.0;11.5;25.0
Vensys 112/2500;112.5;143.5;3.0;11.5;25.0
Vensys 120/3000;120.0;90.0;3.0;11.5;22.0
Vensys 120/3000;120.0;98.3;3.0;11.5;22.0
Vensys 120/3000;120.0;140.0;3.0;11.5;22.0
Venturicon 3.ZERO;1.3;site specific;3.0;18.0;18.0
Vergnet GEV HP 1000/62;62.0;70.0;3.0;15.0;25.0
Vergnet GEV MP C 200/30;30.0;55.0;3.5;12.0;25.0
Vergnet GEV MP C 200/30;30.0;60.0;3.5;12.0;25.0
Vergnet GEV MP C 200/32;32.0;55.0;3.5;-;25.0
Vergnet GEV MP C 200/32;32.0;60.0;3.5;-;25.0
Vergnet GEV MP R 275/32;32.0;32.0;3.5;12.0;25.0
Vergnet GEV MP C 275/30;30.0;55.0;3.5;12.0;25.0
Vergnet GEV MP C 275/30;30.0;60.0;3.5;12.0;25.0
Vestas V19-90;18.8;23.2;3.5;18.0;23.0
Vestas V20;20.0;24.0;4.5;13.0;25.0
Vestas V27;27.0;110 ft;3.0;-;25.0
Vestas V27_2;27.0;30.0;3.5;14.0;25.0
Vestas V29;29.0;31.5;3.5;14.0;25.0
Vestas V29;29.0;51.5;3.5;14.0;25.0
Vestas V39;39.0;40.5;4.0;15.0;25.0
Vestas V39;39.0;53.0;4.0;15.0;25.0
Vestas V42;42.0;40.5;4.0;16.0;25.0
Vestas V42;42.0;53.0;4.0;16.0;25.0
Vestas V44;44.0;40.5;4.0;16.0;20.0
Vestas V44;44.0;53.0;4.0;16.0;20.0
Vestas V44;44.0;63.0;4.0;16.0;20.0
Vestas V47;47.0;40.0;4.0;15.0;25.0
Vestas V47;47.0;45.0;4.0;15.0;25.0
Vestas V47;47.0;50.0;4.0;15.0;25.0
Vestas V47;47.0;55.0;4.0;15.0;25.0
Vestas V52;52.0;36.5;4.0;14.0;25.0
Vestas V52;52.0;40.0;4.0;14.0;25.0
Vestas V52;52.0;44.0;4.0;14.0;25.0
Vestas V52;52.0;49.0;4.0;14.0;25.0
Vestas V52;52.0;55.0;4.0;14.0;25.0
Vestas V52;52.0;60.0;4.0;14.0;25.0
Vestas V52;52.0;65.0;4.0;14.0;25.0
Vestas V52;52.0;70.0;4.0;14.0;25.0
Vestas V52;52.0;74.0;4.0;14.0;25.0
Vestas V52;52.0;86.0;4.0;14.0;25.0
Vestas V63;63.6;60.0;4.0;16.0;25.0
Vestas V66-1.65;66.0;60.0;4.0;15.0;25.0
Vestas V66-1.65;66.0;78.0;4.0;15.0;25.0
Vestas V66-1.75;66.0;60.0;4.0;16.0;25.0
Vestas V66-1.75;66.0;67.0;4.0;16.0;25.0
Vestas V66-1.75;66.0;78.0;4.0;16.0;25.0
Vestas V80-1.8;80.0;60.0;4.0;15.0;25.0
Vestas V80-1.8;80.0;67.0;4.0;15.0;25.0
Vestas V80-1.8;80.0;78.0;4.0;15.0;25.0
Vestas V80-1.8;80.0;100.0;4.0;15.0;25.0
Vestas V90;90.0;80.0;4.0;13.0;25.0
Vestas V90;90.0;95.0;4.0;13.0;25.0
Vestas V90;90.0;105.0;4.0;13.0;25.0
Vestas V90 Gridstreamer;90.0;80 - 125;4.0;13.5;25.0
Vestas V100-1.8;100.0;80.0;3.0;12.0;20.0
Vestas V100-1.8;100.0;95.0;3.0;12.0;20.0
Vestas V100-1.8;100.0;120.0;3.0;12.0;20.0
Vestas V112-3.0 Offshore;112.0;-;3.0;12.0;25.0
Vestas V112-3.075 Onshore;112.0;84.0;3.0;12.0;25.0
Vestas V112-3.075 Onshore;112.0;94.0;3.0;12.0;25.0
Vestas V112-3.075 Onshore;112.0;119.0;3.0;12.0;25.0
Vestas V112-3.3;112.0;84.0;3.0;13.0;25.0
Vestas V112-3.3;112.0;94.0;3.0;13.0;25.0
Vestas V112-3.3;112.0;119.0;3.0;13.0;25.0
Vestas V112-3.3;112.0;140.0;3.0;13.0;25.0
Vestas V112-3.45;112.0;84.0;3.0;13.0;25.0
Vestas V112-3.45;112.0;94.0;3.0;13.0;25.0
Vestas V112-3.45;112.0;119.0;3.0;13.0;25.0
Vestas V112-3.45;112.0;140.0;3.0;13.0;25.0
Vestas V117-3.3;117.0;91.5;3.0;13.0;25.0
Vestas V117-3.3;117.0;116.5;3.0;13.0;25.0
Vestas V117-3.45;117.0;91.5;3.0;12.5;25.0
Vestas V117-3.45;117.0;116.5;3.0;12.5;25.0
Vestas V117-3.45;117.0;141.5;3.0;12.5;25.0
Vestas V126-3.0;126.0;119.0;3.0;12.0;22.5
Vestas V126-3.3;126.0;117.0;3.0;12.0;22.5
Vestas V126-3.3;126.0;137.0;3.0;12.0;22.5
Vestas V126-3.45;126.0;117.0;3.0;12.0;22.5
Vestas V126-3.45;126.0;137.0;3.0;12.0;22.5
Vestas V126-3.45;126.0;147.0;3.0;12.0;22.5
Vestas V126-3.45;126.0;149.0;3.0;12.0;22.5
Vestas V136-3.45;136.0;82.0;3.0;-;22.5
Vestas V136-3.45;136.0;112.0;3.0;-;22.5
Vestas V136-3.45;136.0;132.0;3.0;-;22.5
Vestas V136-3.45;136.0;149.0;3.0;-;22.5
Vestas V164-8.0;164.0;-;4.0;13.0;25.0
Vind-Syssel VS130/22;22.2;26.0;4.0;12.0;23.0
W2E Wind to Energy W2E-93/2.0;93.2;70.0;3.0;12.0;25.0
W2E Wind to Energy W2E-93/2.0;93.2;85.0;3.0;12.0;25.0
W2E Wind to Energy W2E-93/2.0;93.2;100.0;3.0;12.0;25.0
W2E Wind to Energy W2E-93/2.0;93.2;117*;3.0;12.0;25.0
W2E Wind to Energy W2E-93/2.0;93.2;141*;3.0;12.0;25.0
W2E Wind to Energy W2E-100/2.0;100.0;70.0;3.5;11.5;25.0
W2E Wind to Energy W2E-100/2.0;100.0;85.0;3.5;11.5;25.0
W2E Wind to Energy W2E-100/2.0;100.0;100.0;3.5;11.5;25.0
W2E Wind to Energy W2E-100/2.0;100.0;117*;3.5;11.5;25.0
W2E Wind to Energy W2E-100/2.0;100.0;141*;3.5;11.5;25.0
W2E Wind to Energy W2E-100/2.5;100.0;85.0;3.5;12.5;25.0
W2E Wind to Energy W2E-100/2.5;100.0;100.0;3.5;12.5;25.0
W2E Wind to Energy W2E-100/2.5;100.0;105*;3.5;12.5;25.0
W2E Wind to Energy W2E-100/2.5;100.0;117*;3.5;12.5;25.0
W2E Wind to Energy W2E-100/2.5;100.0;141*;3.5;12.5;25.0
W2E Wind to Energy W2E-100/2.5;100.0;160*;3.5;12.5;25.0
W2E Wind to Energy W2E-110/2.5;110.0;85.0;3.5;12.5;25.0
W2E Wind to Energy W2E-110/2.5;110.0;100.0;3.5;12.5;25.0
W2E Wind to Energy W2E-120/3fc;120.0;90.0;3.0;13.0;25.0
W2E Wind to Energy W2E-120/3fc;120.0;100.0;3.0;13.0;25.0
W2E Wind to Energy W2E-120/3fc;120.0;140*;3.0;13.0;25.0
W2E Wind to Energy W2E-120/3.5fc;120.0;90.0;3.0;13.0;25.0
W2E Wind to Energy W2E-120/3.5fc;120.0;100.0;3.0;13.0;25.0
W2E Wind to Energy W2E-120/3.5fc;120.0;140.0;3.0;13.0;25.0
W2E Wind to Energy W2E-120/3.2fc;120.0;90.0;3.0;13.0;25.0
W2E Wind to Energy W2E-120/3.2fc;120.0;100.0;3.0;13.0;25.0
W2E Wind to Energy W2E-120/3.2fc;120.0;140.0;3.0;13.0;25.0
W2E Wind to Energy W2E-138/3.0fc;138.0;100.0;3.0;12.0;20.0
W2E Wind to Energy W2E-138/3.0fc;138.0;140.0;3.0;12.0;20.0
W2E Wind to Energy W2E-145/3.0fc;145.0;90.0;3.0;10.5;22.0
W2E Wind to Energy W2E-145/3.0fc;145.0;100.0;3.0;10.5;22.0
W2E Wind to Energy W2E-151/4.5;151.0;100.0;3.0;12.0;20.0
W2E Wind to Energy W2E-151/4.5;151.0;130.0;3.0;12.0;20.0
W2E Wind to Energy W2E-151/4.5;151.0;140.0;3.0;12.0;20.0
W2E Wind to Energy W2E-151/4.8;151.0;120.0;3.0;13.0;20.0
W2E Wind to Energy W2E-151/4.8fc;151.0;120.0;3.0;13.5;20.0
W2E Wind to Energy W2E-155/4.5fc;155.0;120.0;3.0;13.0;22.0
W2E Wind to Energy W2E-165/5.2;165.0;up to 140;3.0;12.0;20.0
W2E Wind to Energy W2E-171/8.0;171.0;up to 160;3.0;14.5;25.0
W2E Wind to Energy W2E-172/5.5;172.0;up to 160;3.0;12.0;25.0
W2E Wind to Energy W2E-185/6.0;185.0;up to 160;3.0;12.0;25.0
W2E Wind to Energy W2E-215/9.0;215.0;up to 170;3.0;13.0;25.0
WDRVM WD2.5-103;103.0;70.0;3.0;12.0;25.0
WDRVM WD2.5-103;103.0;80.0;3.0;12.0;25.0
WDRVM WD2.5-103;103.0;90.0;3.0;12.0;25.0
WES 18/80;18.0;18.0;3.0;13.0;25.0
WES 18/80;18.0;24.0;3.0;13.0;25.0
WES 18/80;18.0;30.0;3.0;13.0;25.0
WES 18/80;18.0;31.0;3.0;13.0;25.0
WES 18/80;18.0;39.0;3.0;13.0;25.0
WES 18/100;17.9;18.0;3.0;13.0;25.0
WES 18/100;17.9;24.0;3.0;13.0;25.0
WES 18/100;17.9;30.0;3.0;13.0;25.0
WES 18/100;17.9;31.0;3.0;13.0;25.0
WES 20/50;20.0;15.0;3.0;9.5;25.0
WES 20/50;20.0;18.0;3.0;9.5;25.0
WES 20/50;20.0;24.0;3.0;9.5;25.0
WES 20/50;20.0;30.0;3.0;9.5;25.0
WES 20/50;20.0;31.0;3.0;9.5;25.0
WES 30/250;30.0;30.0;3.5;13.0;25.0
WES 30/250;30.0;39.0;3.5;13.0;25.0
WES 30/250;30.0;48.0;3.5;13.0;25.0
Wincon W755/48;48.0;45-73;4.0;14.0;25.0
WEG Wind EnergyGroup WEG MS-3;33.0;25.0;5.0;11.5;25.0
WEG Wind EnergyGroup WEG MS-3;33.0;30.0;5.0;11.5;25.0
WESPA 200/29;29.8;36.0;4.0;14.0;25.0
WESPA 200/29;29.8;46.0;4.0;14.0;25.0
WESPA 200/29;29.8;50.0;4.0;14.0;25.0
WESPA 200/31;31.0;36.0;4.0;13.5;25.0
WESPA 200/31;31.0;46.0;4.0;13.5;25.0
WESPA 200/31;31.0;50.0;4.0;13.5;25.0
WESPA 500/47;47.0;45.0;4.0;14.5;25.0
WESPA 500/47;47.0;50.0;4.0;14.5;25.0
WESPA 500/47;47.0;55.0;4.0;14.5;25.0
WESPA 500/47;47.0;65.0;4.0;14.5;25.0
WESPA 750/47;47.0;45.0;4.0;14.5;25.0
WESPA 750/47;47.0;50.0;4.0;14.5;25.0
WESPA 750/47;47.0;55.0;4.0;14.5;25.0
WESPA 750/47;47.0;65.0;4.0;14.5;25.0
Wind World (India) ww-53;52.9;74.0;3.0;11.5;28.0
Wind World W2700;27.0;31.0;3.0;12.0;25.0
Wind World W2700;27.0;41.0;3.0;12.0;25.0
Windflow 45-500;45.0;31.5;4.5;11.5;25.0
Windflow 45-500;45.0;38.0;4.5;11.5;25.0
Windflow 45-500;45.0;47.0;4.5;11.5;25.0
Windflow 33-500;33.2;29.0;5.5;13.7;30.0
Windflow 33-500;33.2;39.0;5.5;13.7;30.0
Windflow 33-500;33.2;49.0;5.5;13.7;30.0
WindMaster / HMZ WM 300/25;25.0;22.6;5.0;15.0;25.0
WindMaster / HMZ WM 300/25;25.0;30.0;5.0;15.0;25.0
WindMaster / HMZ WM 600 VS45;45.9;52.0;3.0;11.0;25.0
Windspot 7.5Kw;6.3;12.0;3.0;12.0;20.0
Windspot 7.5Kw;6.3;14.0;3.0;12.0;20.0
Windspot 7.5Kw;6.3;18.0;3.0;12.0;20.0
WinWinD WWD-1 D56;56.0;50.0;3.6;12.5;20.0
WinWinD WWD-1 D56;56.0;70.0;3.6;12.5;20.0
WinWinD WWD-1 D60;60.0;50.0;3.6;12.5;20.0
WinWinD WWD-1 D60;60.0;70.0;3.6;12.5;20.0
WinWinD WWD-1 D64;64.0;50.0;3.6;12.5;25.0
WinWinD WWD-1 D64;64.0;70.0;3.6;12.5;25.0
